url,site,product_name,price,checked_at
https://www.amazon.in/Apple-iPhone-15-128-GB/dp/B0CHX1W1XY,amazon,Apple iPhone 15 (128 GB) - Black : Amazon.in: Electronics,51990,2025-11-24T17:34:32.872802
https://www.amazon.in/iPhone-16-128-GB-Control/dp/B0DGJHBX5Y,amazon,"iPhone 16 128 GB: 5G Mobile Phone with Camera Control, A18 Chip and a Big Boost in Battery Life. Works with AirPods; Black : Amazon.in: Electronics",66900,2025-11-24T17:34:38.858831
https://www.amazon.in/Apple-iPhone-15-128-GB/dp/B0CHX1W1XY,amazon,Apple iPhone 15 (128 GB) - Black : Amazon.in: Electronics,51990,2025-11-24T17:39:13.516978
https://www.amazon.in/iPhone-16-128-GB-Control/dp/B0DGJHBX5Y,amazon,"iPhone 16 128 GB: 5G Mobile Phone with Camera Control, A18 Chip and a Big Boost in Battery Life. Works with AirPods; Black : Amazon.in: Electronics",66900,2025-11-24T17:39:18.490304
https://www.amazon.in/Apple-iPhone-15-128-GB/dp/B0CHX1W1XY,amazon,Apple iPhone 15 (128 GB) - Black : Amazon.in: Electronics,51990,2025-11-24T17:51:39.654688
https://www.amazon.in/iPhone-16-128-GB-Control/dp/B0DGJHBX5Y,amazon,"iPhone 16 128 GB: 5G Mobile Phone with Camera Control, A18 Chip and a Big Boost in Battery Life. Works with AirPods; Black : Amazon.in: Electronics",66900,2025-11-24T17:51:44.718191
https://www.amazon.in/Apple-iPhone-15-128-GB/dp/B0CHX1W1XY,amazon,Apple iPhone 15 (128 GB) - Black : Amazon.in: Electronics,51990,2025-11-24T18:29:26.003295
https://www.amazon.in/iPhone-16-128-GB-Control/dp/B0DGJHBX5Y,amazon,"iPhone 16 128 GB: 5G Mobile Phone with Camera Control, A18 Chip and a Big Boost in Battery Life. Works with AirPods; Black : Amazon.in: Electronics",66900,2025-11-24T18:29:31.210368
https://www.amazon.in/Apple-iPhone-15-128-GB/dp/B0CHX1W1XY,amazon,Apple iPhone 15 (128 GB) - Black : Amazon.in: Electronics,51990,2025-11-24T18:35:39.912693
https://www.amazon.in/iPhone-16-128-GB-Control/dp/B0DGJHBX5Y,amazon,"iPhone 16 128 GB: 5G Mobile Phone with Camera Control, A18 Chip and a Big Boost in Battery Life. Works with AirPods; Black : Amazon.in: Electronics",66900,2025-11-24T18:35:45.075703
https://www.amazon.in/Apple-iPhone-15-128-GB/dp/B0CHX1W1XY,amazon,Apple iPhone 15 (128 GB) - Black : Amazon.in: Electronics,51990,2025-11-24T18:44:16.464681
https://www.amazon.in/iPhone-16-128-GB-Control/dp/B0DGJHBX5Y,amazon,"iPhone 16 128 GB: 5G Mobile Phone with Camera Control, A18 Chip and a Big Boost in Battery Life. Works with AirPods; Black : Amazon.in: Electronics",66900,2025-11-24T18:44:21.696569
https://www.amazon.in/Apple-iPhone-15-128-GB/dp/B0CHX1W1XY,amazon,Apple iPhone 15 (128 GB) - Black : Amazon.in: Electronics,51990,2025-11-24T20:26:04.999820
https://www.amazon.in/iPhone-16-128-GB-Control/dp/B0DGJHBX5Y,amazon,"iPhone 16 128 GB: 5G Mobile Phone with Camera Control, A18 Chip and a Big Boost in Battery Life. Works with AirPods; Black : Amazon.in: Electronics",66900,2025-11-24T20:26:10.527402
https://www.amazon.in/Apple-iPhone-15-128-GB/dp/B0CHX1W1XY,amazon,Apple iPhone 15 (128 GB) - Black : Amazon.in: Electronics,51990,2025-11-24T22:21:41.391127
https://www.amazon.in/iPhone-16-128-GB-Control/dp/B0DGJHBX5Y,amazon,"iPhone 16 128 GB: 5G Mobile Phone with Camera Control, A18 Chip and a Big Boost in Battery Life. Works with AirPods; Black : Amazon.in: Electronics",66900,2025-11-24T22:21:46.533365
https://www.amazon.in/Apple-iPhone-15-128-GB/dp/B0CHX1W1XY,amazon,Apple iPhone 15 (128 GB) - Black : Amazon.in: Electronics,51990,2025-11-25T01:30:30.433590
https://www.amazon.in/iPhone-16-128-GB-Control/dp/B0DGJHBX5Y,amazon,"iPhone 16 128 GB: 5G Mobile Phone with Camera Control, A18 Chip and a Big Boost in Battery Life. Works with AirPods; Black : Amazon.in: Electronics",66900,2025-11-25T01:30:35.623216
https://www.amazon.in/Apple-iPhone-15-128-GB/dp/B0CHX1W1XY,amazon,Apple iPhone 15 (128 GB) - Black : Amazon.in: Electronics,51990,2025-11-25T03:17:36.003556
https://www.amazon.in/iPhone-16-128-GB-Control/dp/B0DGJHBX5Y,amazon,"iPhone 16 128 GB: 5G Mobile Phone with Camera Control, A18 Chip and a Big Boost in Battery Life. Works with AirPods; Black : Amazon.in: Electronics",66900,2025-11-25T03:17:41.023202
https://www.amazon.in/Apple-iPhone-15-128-GB/dp/B0CHX1W1XY,amazon,Apple iPhone 15 (128 GB) - Black : Amazon.in: Electronics,51990,2025-11-25T04:29:20.702655
https://www.amazon.in/iPhone-16-128-GB-Control/dp/B0DGJHBX5Y,amazon,"iPhone 16 128 GB: 5G Mobile Phone with Camera Control, A18 Chip and a Big Boost in Battery Life. Works with AirPods; Black : Amazon.in: Electronics",66900,2025-11-25T04:29:25.755787
https://www.amazon.in/Apple-iPhone-15-128-GB/dp/B0CHX1W1XY,amazon,Apple iPhone 15 (128 GB) - Black : Amazon.in: Electronics,51990,2025-11-25T06:34:52.794465
https://www.amazon.in/iPhone-16-128-GB-Control/dp/B0DGJHBX5Y,amazon,"iPhone 16 128 GB: 5G Mobile Phone with Camera Control, A18 Chip and a Big Boost in Battery Life. Works with AirPods; Black : Amazon.in: Electronics",66900,2025-11-25T06:34:58.334248
https://www.amazon.in/Apple-iPhone-15-128-GB/dp/B0CHX1W1XY,amazon,Apple iPhone 15 (128 GB) - Black : Amazon.in: Electronics,51990,2025-11-25T08:31:32.884420
https://www.amazon.in/iPhone-16-128-GB-Control/dp/B0DGJHBX5Y,amazon,"iPhone 16 128 GB: 5G Mobile Phone with Camera Control, A18 Chip and a Big Boost in Battery Life. Works with AirPods; Black : Amazon.in: Electronics",66900,2025-11-25T08:31:38.113639
https://www.amazon.in/Apple-iPhone-15-128-GB/dp/B0CHX1W1XY,amazon,Apple iPhone 15 (128 GB) - Black : Amazon.in: Electronics,51990,2025-11-25T10:26:58.869533
https://www.amazon.in/iPhone-16-128-GB-Control/dp/B0DGJHBX5Y,amazon,"iPhone 16 128 GB: 5G Mobile Phone with Camera Control, A18 Chip and a Big Boost in Battery Life. Works with AirPods; Black : Amazon.in: Electronics",66900,2025-11-25T10:27:03.787372
https://www.amazon.in/Apple-iPhone-15-128-GB/dp/B0CHX1W1XY,amazon,Apple iPhone 15 (128 GB) - Black : Amazon.in: Electronics,51990,2025-11-25T12:44:47.929265
https://www.amazon.in/iPhone-16-128-GB-Control/dp/B0DGJHBX5Y,amazon,"iPhone 16 128 GB: 5G Mobile Phone with Camera Control, A18 Chip and a Big Boost in Battery Life. Works with AirPods; Black : Amazon.in: Electronics",66900,2025-11-25T12:44:52.793306
https://www.amazon.in/Apple-iPhone-15-128-GB/dp/B0CHX1W1XY,amazon,Apple iPhone 15 (128 GB) - Black : Amazon.in: Electronics,51990,2025-11-25T14:23:20.772806
https://www.amazon.in/iPhone-16-128-GB-Control/dp/B0DGJHBX5Y,amazon,"iPhone 16 128 GB: 5G Mobile Phone with Camera Control, A18 Chip and a Big Boost in Battery Life. Works with AirPods; Black : Amazon.in: Electronics",66900,2025-11-25T14:23:25.626408
https://www.amazon.in/Apple-iPhone-15-128-GB/dp/B0CHX1W1XY,amazon,Apple iPhone 15 (128 GB) - Black : Amazon.in: Electronics,51990,2025-11-25T16:31:01.773797
https://www.amazon.in/iPhone-16-128-GB-Control/dp/B0DGJHBX5Y,amazon,"iPhone 16 128 GB: 5G Mobile Phone with Camera Control, A18 Chip and a Big Boost in Battery Life. Works with AirPods; Black : Amazon.in: Electronics",66900,2025-11-25T16:31:06.799783
https://www.amazon.in/Apple-iPhone-15-128-GB/dp/B0CHX1W1XY,amazon,Apple iPhone 15 (128 GB) - Black : Amazon.in: Electronics,51990,2025-11-25T18:33:42.539569
https://www.amazon.in/iPhone-16-128-GB-Control/dp/B0DGJHBX5Y,amazon,"iPhone 16 128 GB: 5G Mobile Phone with Camera Control, A18 Chip and a Big Boost in Battery Life. Works with AirPods; Black : Amazon.in: Electronics",66900,2025-11-25T18:33:47.459787
https://www.amazon.in/Apple-iPhone-15-128-GB/dp/B0CHX1W1XY,amazon,Apple iPhone 15 (128 GB) - Black : Amazon.in: Electronics,51990,2025-11-25T20:25:40.076284
https://www.amazon.in/iPhone-16-128-GB-Control/dp/B0DGJHBX5Y,amazon,"iPhone 16 128 GB: 5G Mobile Phone with Camera Control, A18 Chip and a Big Boost in Battery Life. Works with AirPods; Black : Amazon.in: Electronics",66900,2025-11-25T20:25:45.009505
https://www.amazon.in/Apple-iPhone-15-128-GB/dp/B0CHX1W1XY,amazon,Apple iPhone 15 (128 GB) - Black : Amazon.in: Electronics,51990,2025-11-25T22:22:40.231626
https://www.amazon.in/iPhone-16-128-GB-Control/dp/B0DGJHBX5Y,amazon,"iPhone 16 128 GB: 5G Mobile Phone with Camera Control, A18 Chip and a Big Boost in Battery Life. Works with AirPods; Black : Amazon.in: Electronics",66900,2025-11-25T22:22:45.179804
https://www.amazon.in/Apple-iPhone-15-128-GB/dp/B0CHX1W1XY,amazon,Apple iPhone 15 (128 GB) - Black : Amazon.in: Electronics,51990,2025-11-26T01:31:01.325829
https://www.amazon.in/iPhone-16-128-GB-Control/dp/B0DGJHBX5Y,amazon,"iPhone 16 128 GB: 5G Mobile Phone with Camera Control, A18 Chip and a Big Boost in Battery Life. Works with AirPods; Black : Amazon.in: Electronics",66900,2025-11-26T01:31:06.272525
https://www.amazon.in/Apple-iPhone-15-128-GB/dp/B0CHX1W1XY,amazon,Apple iPhone 15 (128 GB) - Black : Amazon.in: Electronics,51990,2025-11-26T03:17:47.667699
https://www.amazon.in/iPhone-16-128-GB-Control/dp/B0DGJHBX5Y,amazon,"iPhone 16 128 GB: 5G Mobile Phone with Camera Control, A18 Chip and a Big Boost in Battery Life. Works with AirPods; Black : Amazon.in: Electronics",66900,2025-11-26T03:17:52.901157
https://www.amazon.in/Apple-iPhone-15-128-GB/dp/B0CHX1W1XY,amazon,Apple iPhone 15 (128 GB) - Black : Amazon.in: Electronics,51990,2025-11-26T04:29:01.349045
https://www.amazon.in/iPhone-16-128-GB-Control/dp/B0DGJHBX5Y,amazon,"iPhone 16 128 GB: 5G Mobile Phone with Camera Control, A18 Chip and a Big Boost in Battery Life. Works with AirPods; Black : Amazon.in: Electronics",66900,2025-11-26T04:29:06.511759
https://www.amazon.in/Apple-iPhone-15-128-GB/dp/B0CHX1W1XY,amazon,Apple iPhone 15 (128 GB) - Black : Amazon.in: Electronics,52990,2025-11-26T06:34:00.885982
https://www.amazon.in/iPhone-16-128-GB-Control/dp/B0DGJHBX5Y,amazon,"iPhone 16 128 GB: 5G Mobile Phone with Camera Control, A18 Chip and a Big Boost in Battery Life. Works with AirPods; Black : Amazon.in: Electronics",66900,2025-11-26T06:34:05.839415
https://www.amazon.in/Apple-iPhone-15-128-GB/dp/B0CHX1W1XY,amazon,Apple iPhone 15 (128 GB) - Black : Amazon.in: Electronics,52990,2025-11-26T08:30:46.587223
https://www.amazon.in/iPhone-16-128-GB-Control/dp/B0DGJHBX5Y,amazon,"iPhone 16 128 GB: 5G Mobile Phone with Camera Control, A18 Chip and a Big Boost in Battery Life. Works with AirPods; Black : Amazon.in: Electronics",66900,2025-11-26T08:30:51.517117
https://www.amazon.in/Apple-iPhone-15-128-GB/dp/B0CHX1W1XY,amazon,Apple iPhone 15 (128 GB) - Black : Amazon.in: Electronics,52990,2025-11-26T10:26:04.293789
https://www.amazon.in/iPhone-16-128-GB-Control/dp/B0DGJHBX5Y,amazon,"iPhone 16 128 GB: 5G Mobile Phone with Camera Control, A18 Chip and a Big Boost in Battery Life. Works with AirPods; Black : Amazon.in: Electronics",66900,2025-11-26T10:26:09.489684
https://www.amazon.in/Apple-iPhone-15-128-GB/dp/B0CHX1W1XY,amazon,Apple iPhone 15 (128 GB) - Black : Amazon.in: Electronics,52990,2025-11-26T12:45:32.695878
https://www.amazon.in/iPhone-16-128-GB-Control/dp/B0DGJHBX5Y,amazon,"iPhone 16 128 GB: 5G Mobile Phone with Camera Control, A18 Chip and a Big Boost in Battery Life. Works with AirPods; Black : Amazon.in: Electronics",66900,2025-11-26T12:45:37.620921
https://www.amazon.in/Apple-iPhone-15-128-GB/dp/B0CHX1W1XY,amazon,Apple iPhone 15 (128 GB) - Black : Amazon.in: Electronics,52990,2025-11-26T14:24:03.520514
https://www.amazon.in/iPhone-16-128-GB-Control/dp/B0DGJHBX5Y,amazon,"iPhone 16 128 GB: 5G Mobile Phone with Camera Control, A18 Chip and a Big Boost in Battery Life. Works with AirPods; Black : Amazon.in: Electronics",66900,2025-11-26T14:24:08.404929
https://www.amazon.in/Apple-iPhone-15-128-GB/dp/B0CHX1W1XY,amazon,Apple iPhone 15 (128 GB) - Black : Amazon.in: Electronics,52990,2025-11-26T16:29:37.487132
https://www.amazon.in/iPhone-16-128-GB-Control/dp/B0DGJHBX5Y,amazon,"iPhone 16 128 GB: 5G Mobile Phone with Camera Control, A18 Chip and a Big Boost in Battery Life. Works with AirPods; Black : Amazon.in: Electronics",66900,2025-11-26T16:29:42.423954
https://www.amazon.in/Apple-iPhone-15-128-GB/dp/B0CHX1W1XY,amazon,Apple iPhone 15 (128 GB) - Black : Amazon.in: Electronics,52990,2025-11-26T18:28:29.765971
https://www.amazon.in/iPhone-16-128-GB-Control/dp/B0DGJHBX5Y,amazon,"iPhone 16 128 GB: 5G Mobile Phone with Camera Control, A18 Chip and a Big Boost in Battery Life. Works with AirPods; Black : Amazon.in: Electronics",66900,2025-11-26T18:28:34.790810
https://www.amazon.in/Apple-iPhone-15-128-GB/dp/B0CHX1W1XY,amazon,Apple iPhone 15 (128 GB) - Black : Amazon.in: Electronics,52990,2025-11-26T20:24:46.703223
https://www.amazon.in/iPhone-16-128-GB-Control/dp/B0DGJHBX5Y,amazon,"iPhone 16 128 GB: 5G Mobile Phone with Camera Control, A18 Chip and a Big Boost in Battery Life. Works with AirPods; Black : Amazon.in: Electronics",66900,2025-11-26T20:24:51.578018
https://www.amazon.in/Apple-iPhone-15-128-GB/dp/B0CHX1W1XY,amazon,Apple iPhone 15 (128 GB) - Black : Amazon.in: Electronics,52990,2025-11-26T22:21:59.231062
https://www.amazon.in/iPhone-16-128-GB-Control/dp/B0DGJHBX5Y,amazon,"iPhone 16 128 GB: 5G Mobile Phone with Camera Control, A18 Chip and a Big Boost in Battery Life. Works with AirPods; Black : Amazon.in: Electronics",66900,2025-11-26T22:22:04.233216
https://www.amazon.in/Apple-iPhone-15-128-GB/dp/B0CHX1W1XY,amazon,Apple iPhone 15 (128 GB) - Black : Amazon.in: Electronics,52990,2025-11-27T01:29:58.313708
https://www.amazon.in/iPhone-16-128-GB-Control/dp/B0DGJHBX5Y,amazon,"iPhone 16 128 GB: 5G Mobile Phone with Camera Control, A18 Chip and a Big Boost in Battery Life. Works with AirPods; Black : Amazon.in: Electronics",66900,2025-11-27T01:30:03.483627
https://www.amazon.in/Apple-iPhone-15-128-GB/dp/B0CHX1W1XY,amazon,Apple iPhone 15 (128 GB) - Black : Amazon.in: Electronics,52990,2025-11-27T03:14:23.090140
https://www.amazon.in/iPhone-16-128-GB-Control/dp/B0DGJHBX5Y,amazon,"iPhone 16 128 GB: 5G Mobile Phone with Camera Control, A18 Chip and a Big Boost in Battery Life. Works with AirPods; Black : Amazon.in: Electronics",66900,2025-11-27T03:14:27.939813
https://www.amazon.in/Apple-iPhone-15-128-GB/dp/B0CHX1W1XY,amazon,Apple iPhone 15 (128 GB) - Black : Amazon.in: Electronics,52990,2025-11-27T04:27:34.816105
https://www.amazon.in/iPhone-16-128-GB-Control/dp/B0DGJHBX5Y,amazon,"iPhone 16 128 GB: 5G Mobile Phone with Camera Control, A18 Chip and a Big Boost in Battery Life. Works with AirPods; Black : Amazon.in: Electronics",66900,2025-11-27T04:27:39.930218
https://www.amazon.in/Apple-iPhone-15-128-GB/dp/B0CHX1W1XY,amazon,Apple iPhone 15 (128 GB) - Black : Amazon.in: Electronics,52990,2025-11-27T06:35:02.149084
https://www.amazon.in/iPhone-16-128-GB-Control/dp/B0DGJHBX5Y,amazon,"iPhone 16 128 GB: 5G Mobile Phone with Camera Control, A18 Chip and a Big Boost in Battery Life. Works with AirPods; Black : Amazon.in: Electronics",66900,2025-11-27T06:35:07.106966
https://www.amazon.in/Apple-iPhone-15-128-GB/dp/B0CHX1W1XY,amazon,Apple iPhone 15 (128 GB) - Black : Amazon.in: Electronics,52990,2025-11-27T08:31:11.055867
https://www.amazon.in/iPhone-16-128-GB-Control/dp/B0DGJHBX5Y,amazon,"iPhone 16 128 GB: 5G Mobile Phone with Camera Control, A18 Chip and a Big Boost in Battery Life. Works with AirPods; Black : Amazon.in: Electronics",66900,2025-11-27T08:31:16.132622
https://www.amazon.in/Apple-iPhone-15-128-GB/dp/B0CHX1W1XY,amazon,Apple iPhone 15 (128 GB) - Black : Amazon.in: Electronics,52990,2025-11-27T10:25:49.726367
https://www.amazon.in/iPhone-16-128-GB-Control/dp/B0DGJHBX5Y,amazon,"iPhone 16 128 GB: 5G Mobile Phone with Camera Control, A18 Chip and a Big Boost in Battery Life. Works with AirPods; Black : Amazon.in: Electronics",66900,2025-11-27T10:25:54.621181
https://www.amazon.in/Apple-iPhone-15-128-GB/dp/B0CHX1W1XY,amazon,Apple iPhone 15 (128 GB) - Black : Amazon.in: Electronics,52990,2025-11-27T12:45:00.887001
https://www.amazon.in/iPhone-16-128-GB-Control/dp/B0DGJHBX5Y,amazon,"iPhone 16 128 GB: 5G Mobile Phone with Camera Control, A18 Chip and a Big Boost in Battery Life. Works with AirPods; Black : Amazon.in: Electronics",66900,2025-11-27T12:45:05.724068
https://www.amazon.in/Apple-iPhone-15-128-GB/dp/B0CHX1W1XY,amazon,Apple iPhone 15 (128 GB) - Black : Amazon.in: Electronics,52990,2025-11-27T14:22:57.496666
https://www.amazon.in/iPhone-16-128-GB-Control/dp/B0DGJHBX5Y,amazon,"iPhone 16 128 GB: 5G Mobile Phone with Camera Control, A18 Chip and a Big Boost in Battery Life. Works with AirPods; Black : Amazon.in: Electronics",66900,2025-11-27T14:23:02.366445
https://www.amazon.in/Apple-iPhone-15-128-GB/dp/B0CHX1W1XY,amazon,Apple iPhone 15 (128 GB) - Black : Amazon.in: Electronics,52990,2025-11-27T16:28:13.567527
https://www.amazon.in/iPhone-16-128-GB-Control/dp/B0DGJHBX5Y,amazon,"iPhone 16 128 GB: 5G Mobile Phone with Camera Control, A18 Chip and a Big Boost in Battery Life. Works with AirPods; Black : Amazon.in: Electronics",66900,2025-11-27T16:28:18.765291
https://www.amazon.in/Apple-iPhone-15-128-GB/dp/B0CHX1W1XY,amazon,Apple iPhone 15 (128 GB) - Black : Amazon.in: Electronics,52990,2025-11-27T18:30:59.025748
https://www.amazon.in/iPhone-16-128-GB-Control/dp/B0DGJHBX5Y,amazon,"iPhone 16 128 GB: 5G Mobile Phone with Camera Control, A18 Chip and a Big Boost in Battery Life. Works with AirPods; Black : Amazon.in: Electronics",66900,2025-11-27T18:31:04.187603
https://www.amazon.in/Apple-iPhone-15-128-GB/dp/B0CHX1W1XY,amazon,Apple iPhone 15 (128 GB) - Black : Amazon.in: Electronics,52990,2025-11-27T20:22:38.584208
https://www.amazon.in/iPhone-16-128-GB-Control/dp/B0DGJHBX5Y,amazon,"iPhone 16 128 GB: 5G Mobile Phone with Camera Control, A18 Chip and a Big Boost in Battery Life. Works with AirPods; Black : Amazon.in: Electronics",66900,2025-11-27T20:22:43.561349
https://www.amazon.in/Apple-iPhone-15-128-GB/dp/B0CHX1W1XY,amazon,Apple iPhone 15 (128 GB) - Black : Amazon.in: Electronics,52990,2025-11-27T22:21:27.619977
https://www.amazon.in/iPhone-16-128-GB-Control/dp/B0DGJHBX5Y,amazon,"iPhone 16 128 GB: 5G Mobile Phone with Camera Control, A18 Chip and a Big Boost in Battery Life. Works with AirPods; Black : Amazon.in: Electronics",66900,2025-11-27T22:21:32.825470
https://www.amazon.in/Apple-iPhone-15-128-GB/dp/B0CHX1W1XY,amazon,Apple iPhone 15 (128 GB) - Black : Amazon.in: Electronics,52990,2025-11-28T01:28:51.611231
https://www.amazon.in/iPhone-16-128-GB-Control/dp/B0DGJHBX5Y,amazon,"iPhone 16 128 GB: 5G Mobile Phone with Camera Control, A18 Chip and a Big Boost in Battery Life. Works with AirPods; Black : Amazon.in: Electronics",66900,2025-11-28T01:28:56.456126
https://www.amazon.in/Apple-iPhone-15-128-GB/dp/B0CHX1W1XY,amazon,Apple iPhone 15 (128 GB) - Black : Amazon.in: Electronics,52990,2025-11-28T03:14:05.179190
https://www.amazon.in/iPhone-16-128-GB-Control/dp/B0DGJHBX5Y,amazon,"iPhone 16 128 GB: 5G Mobile Phone with Camera Control, A18 Chip and a Big Boost in Battery Life. Works with AirPods; Black : Amazon.in: Electronics",66900,2025-11-28T03:14:10.068104
https://www.amazon.in/Apple-iPhone-15-128-GB/dp/B0CHX1W1XY,amazon,Apple iPhone 15 (128 GB) - Black : Amazon.in: Electronics,52990,2025-11-28T04:27:07.337242
https://www.amazon.in/iPhone-16-128-GB-Control/dp/B0DGJHBX5Y,amazon,"iPhone 16 128 GB: 5G Mobile Phone with Camera Control, A18 Chip and a Big Boost in Battery Life. Works with AirPods; Black : Amazon.in: Electronics",66900,2025-11-28T04:27:12.319393
https://www.amazon.in/Apple-iPhone-15-128-GB/dp/B0CHX1W1XY,amazon,Apple iPhone 15 (128 GB) - Black : Amazon.in: Electronics,52990,2025-11-28T06:34:16.470112
https://www.amazon.in/iPhone-16-128-GB-Control/dp/B0DGJHBX5Y,amazon,"iPhone 16 128 GB: 5G Mobile Phone with Camera Control, A18 Chip and a Big Boost in Battery Life. Works with AirPods; Black : Amazon.in: Electronics",66900,2025-11-28T06:34:21.367154
https://www.amazon.in/Apple-iPhone-15-128-GB/dp/B0CHX1W1XY,amazon,Apple iPhone 15 (128 GB) - Black : Amazon.in: Electronics,52990,2025-11-28T08:30:51.559131
https://www.amazon.in/iPhone-16-128-GB-Control/dp/B0DGJHBX5Y,amazon,"iPhone 16 128 GB: 5G Mobile Phone with Camera Control, A18 Chip and a Big Boost in Battery Life. Works with AirPods; Black : Amazon.in: Electronics",66900,2025-11-28T08:30:56.520411
https://www.amazon.in/Apple-iPhone-15-128-GB/dp/B0CHX1W1XY,amazon,Apple iPhone 15 (128 GB) - Black : Amazon.in: Electronics,52990,2025-11-28T10:24:46.258135
https://www.amazon.in/iPhone-16-128-GB-Control/dp/B0DGJHBX5Y,amazon,"iPhone 16 128 GB: 5G Mobile Phone with Camera Control, A18 Chip and a Big Boost in Battery Life. Works with AirPods; Black : Amazon.in: Electronics",66900,2025-11-28T10:24:51.512941
https://www.amazon.in/Apple-iPhone-15-128-GB/dp/B0CHX1W1XY,amazon,Apple iPhone 15 (128 GB) - Black : Amazon.in: Electronics,52990,2025-11-28T12:43:20.998771
https://www.amazon.in/iPhone-16-128-GB-Control/dp/B0DGJHBX5Y,amazon,"iPhone 16 128 GB: 5G Mobile Phone with Camera Control, A18 Chip and a Big Boost in Battery Life. Works with AirPods; Black : Amazon.in: Electronics",66900,2025-11-28T12:43:26.251016
https://www.amazon.in/Apple-iPhone-15-128-GB/dp/B0CHX1W1XY,amazon,Apple iPhone 15 (128 GB) - Black : Amazon.in: Electronics,52990,2025-11-28T14:22:38.070589
https://www.amazon.in/iPhone-16-128-GB-Control/dp/B0DGJHBX5Y,amazon,"iPhone 16 128 GB: 5G Mobile Phone with Camera Control, A18 Chip and a Big Boost in Battery Life. Works with AirPods; Black : Amazon.in: Electronics",66900,2025-11-28T14:22:42.974141
https://www.amazon.in/Apple-iPhone-15-128-GB/dp/B0CHX1W1XY,amazon,Apple iPhone 15 (128 GB) - Black : Amazon.in: Electronics,52990,2025-11-28T16:28:07.619986
https://www.amazon.in/iPhone-16-128-GB-Control/dp/B0DGJHBX5Y,amazon,"iPhone 16 128 GB: 5G Mobile Phone with Camera Control, A18 Chip and a Big Boost in Battery Life. Works with AirPods; Black : Amazon.in: Electronics",66900,2025-11-28T16:28:12.688719
https://www.amazon.in/Apple-iPhone-15-128-GB/dp/B0CHX1W1XY,amazon,Apple iPhone 15 (128 GB) - Black : Amazon.in: Electronics,52990,2025-11-28T18:30:59.063528
https://www.amazon.in/iPhone-16-128-GB-Control/dp/B0DGJHBX5Y,amazon,"iPhone 16 128 GB: 5G Mobile Phone with Camera Control, A18 Chip and a Big Boost in Battery Life. Works with AirPods; Black : Amazon.in: Electronics",66900,2025-11-28T18:31:04.049460
https://www.amazon.in/Apple-iPhone-15-128-GB/dp/B0CHX1W1XY,amazon,Apple iPhone 15 (128 GB) - Black : Amazon.in: Electronics,52990,2025-11-28T20:24:24.841812
https://www.amazon.in/iPhone-16-128-GB-Control/dp/B0DGJHBX5Y,amazon,"iPhone 16 128 GB: 5G Mobile Phone with Camera Control, A18 Chip and a Big Boost in Battery Life. Works with AirPods; Black : Amazon.in: Electronics",66900,2025-11-28T20:24:29.810367
https://www.amazon.in/Apple-iPhone-15-128-GB/dp/B0CHX1W1XY,amazon,Apple iPhone 15 (128 GB) - Black : Amazon.in: Electronics,52990,2025-11-28T22:21:01.231748
https://www.amazon.in/iPhone-16-128-GB-Control/dp/B0DGJHBX5Y,amazon,"iPhone 16 128 GB: 5G Mobile Phone with Camera Control, A18 Chip and a Big Boost in Battery Life. Works with AirPods; Black : Amazon.in: Electronics",66900,2025-11-28T22:21:06.472452
https://www.amazon.in/Apple-iPhone-15-128-GB/dp/B0CHX1W1XY,amazon,Apple iPhone 15 (128 GB) - Black : Amazon.in: Electronics,52990,2025-11-29T01:29:16.741121
https://www.amazon.in/iPhone-16-128-GB-Control/dp/B0DGJHBX5Y,amazon,"iPhone 16 128 GB: 5G Mobile Phone with Camera Control, A18 Chip and a Big Boost in Battery Life. Works with AirPods; Black : Amazon.in: Electronics",66900,2025-11-29T01:29:21.919751
https://www.amazon.in/Apple-iPhone-15-128-GB/dp/B0CHX1W1XY,amazon,Apple iPhone 15 (128 GB) - Black : Amazon.in: Electronics,52990,2025-11-29T03:14:28.524145
https://www.amazon.in/iPhone-16-128-GB-Control/dp/B0DGJHBX5Y,amazon,"iPhone 16 128 GB: 5G Mobile Phone with Camera Control, A18 Chip and a Big Boost in Battery Life. Works with AirPods; Black : Amazon.in: Electronics",66900,2025-11-29T03:14:33.536532
https://www.amazon.in/Apple-iPhone-15-128-GB/dp/B0CHX1W1XY,amazon,Apple iPhone 15 (128 GB) - Black : Amazon.in: Electronics,52990,2025-11-29T04:26:06.627506
https://www.amazon.in/iPhone-16-128-GB-Control/dp/B0DGJHBX5Y,amazon,"iPhone 16 128 GB: 5G Mobile Phone with Camera Control, A18 Chip and a Big Boost in Battery Life. Works with AirPods; Black : Amazon.in: Electronics",66900,2025-11-29T04:26:11.638661
https://www.amazon.in/Apple-iPhone-15-128-GB/dp/B0CHX1W1XY,amazon,Apple iPhone 15 (128 GB) - Black : Amazon.in: Electronics,52990,2025-11-29T06:31:35.468467
https://www.amazon.in/iPhone-16-128-GB-Control/dp/B0DGJHBX5Y,amazon,"iPhone 16 128 GB: 5G Mobile Phone with Camera Control, A18 Chip and a Big Boost in Battery Life. Works with AirPods; Black : Amazon.in: Electronics",66900,2025-11-29T06:31:40.413601
https://www.amazon.in/Apple-iPhone-15-128-GB/dp/B0CHX1W1XY,amazon,Apple iPhone 15 (128 GB) - Black : Amazon.in: Electronics,52990,2025-11-29T08:28:07.104328
https://www.amazon.in/iPhone-16-128-GB-Control/dp/B0DGJHBX5Y,amazon,"iPhone 16 128 GB: 5G Mobile Phone with Camera Control, A18 Chip and a Big Boost in Battery Life. Works with AirPods; Black : Amazon.in: Electronics",66900,2025-11-29T08:28:12.272141
https://www.amazon.in/Apple-iPhone-15-128-GB/dp/B0CHX1W1XY,amazon,Apple iPhone 15 (128 GB) - Black : Amazon.in: Electronics,52990,2025-11-29T10:22:44.443028
https://www.amazon.in/iPhone-16-128-GB-Control/dp/B0DGJHBX5Y,amazon,"iPhone 16 128 GB: 5G Mobile Phone with Camera Control, A18 Chip and a Big Boost in Battery Life. Works with AirPods; Black : Amazon.in: Electronics",66900,2025-11-29T10:22:49.303184
https://www.amazon.in/Apple-iPhone-15-128-GB/dp/B0CHX1W1XY,amazon,Apple iPhone 15 (128 GB) - Black : Amazon.in: Electronics,52990,2025-11-29T12:40:38.971829
https://www.amazon.in/iPhone-16-128-GB-Control/dp/B0DGJHBX5Y,amazon,"iPhone 16 128 GB: 5G Mobile Phone with Camera Control, A18 Chip and a Big Boost in Battery Life. Works with AirPods; Black : Amazon.in: Electronics",66900,2025-11-29T12:40:44.141507
https://www.amazon.in/Apple-iPhone-15-128-GB/dp/B0CHX1W1XY,amazon,Apple iPhone 15 (128 GB) - Black : Amazon.in: Electronics,52990,2025-11-29T14:20:15.800547
https://www.amazon.in/iPhone-16-128-GB-Control/dp/B0DGJHBX5Y,amazon,"iPhone 16 128 GB: 5G Mobile Phone with Camera Control, A18 Chip and a Big Boost in Battery Life. Works with AirPods; Black : Amazon.in: Electronics",66900,2025-11-29T14:20:20.748926
https://www.amazon.in/Apple-iPhone-15-128-GB/dp/B0CHX1W1XY,amazon,Apple iPhone 15 (128 GB) - Black : Amazon.in: Electronics,52990,2025-11-29T16:26:16.418325
https://www.amazon.in/iPhone-16-128-GB-Control/dp/B0DGJHBX5Y,amazon,"iPhone 16 128 GB: 5G Mobile Phone with Camera Control, A18 Chip and a Big Boost in Battery Life. Works with AirPods; Black : Amazon.in: Electronics",66900,2025-11-29T16:26:21.431626
https://www.amazon.in/Apple-iPhone-15-128-GB/dp/B0CHX1W1XY,amazon,Apple iPhone 15 (128 GB) - Black : Amazon.in: Electronics,52990,2025-11-29T18:30:10.993556
https://www.amazon.in/iPhone-16-128-GB-Control/dp/B0DGJHBX5Y,amazon,"iPhone 16 128 GB: 5G Mobile Phone with Camera Control, A18 Chip and a Big Boost in Battery Life. Works with AirPods; Black : Amazon.in: Electronics",66900,2025-11-29T18:30:15.878916
https://www.amazon.in/Apple-iPhone-15-128-GB/dp/B0CHX1W1XY,amazon,Apple iPhone 15 (128 GB) - Black : Amazon.in: Electronics,52990,2025-11-29T20:24:13.724417
https://www.amazon.in/iPhone-16-128-GB-Control/dp/B0DGJHBX5Y,amazon,"iPhone 16 128 GB: 5G Mobile Phone with Camera Control, A18 Chip and a Big Boost in Battery Life. Works with AirPods; Black : Amazon.in: Electronics",66900,2025-11-29T20:24:18.700253
https://www.amazon.in/Apple-iPhone-15-128-GB/dp/B0CHX1W1XY,amazon,Apple iPhone 15 (128 GB) - Black : Amazon.in: Electronics,52990,2025-11-29T22:21:25.101927
https://www.amazon.in/iPhone-16-128-GB-Control/dp/B0DGJHBX5Y,amazon,"iPhone 16 128 GB: 5G Mobile Phone with Camera Control, A18 Chip and a Big Boost in Battery Life. Works with AirPods; Black : Amazon.in: Electronics",66900,2025-11-29T22:21:30.062753
https://www.amazon.in/Apple-iPhone-15-128-GB/dp/B0CHX1W1XY,amazon,Apple iPhone 15 (128 GB) - Black : Amazon.in: Electronics,52990,2025-11-30T01:49:10.508185
https://www.amazon.in/iPhone-16-128-GB-Control/dp/B0DGJHBX5Y,amazon,"iPhone 16 128 GB: 5G Mobile Phone with Camera Control, A18 Chip and a Big Boost in Battery Life. Works with AirPods; Black : Amazon.in: Electronics",66900,2025-11-30T01:49:15.364441
https://www.amazon.in/Apple-iPhone-15-128-GB/dp/B0CHX1W1XY,amazon,Apple iPhone 15 (128 GB) - Black : Amazon.in: Electronics,52990,2025-11-30T03:29:48.689607
https://www.amazon.in/iPhone-16-128-GB-Control/dp/B0DGJHBX5Y,amazon,"iPhone 16 128 GB: 5G Mobile Phone with Camera Control, A18 Chip and a Big Boost in Battery Life. Works with AirPods; Black : Amazon.in: Electronics",66900,2025-11-30T03:29:53.576626
https://www.amazon.in/Apple-iPhone-15-128-GB/dp/B0CHX1W1XY,amazon,Apple iPhone 15 (128 GB) - Black : Amazon.in: Electronics,52990,2025-11-30T04:36:36.030720
https://www.amazon.in/iPhone-16-128-GB-Control/dp/B0DGJHBX5Y,amazon,"iPhone 16 128 GB: 5G Mobile Phone with Camera Control, A18 Chip and a Big Boost in Battery Life. Works with AirPods; Black : Amazon.in: Electronics",66900,2025-11-30T04:36:41.020034
https://www.amazon.in/Apple-iPhone-15-128-GB/dp/B0CHX1W1XY,amazon,Apple iPhone 15 (128 GB) - Black : Amazon.in: Electronics,52990,2025-11-30T06:32:45.196199
https://www.amazon.in/iPhone-16-128-GB-Control/dp/B0DGJHBX5Y,amazon,"iPhone 16 128 GB: 5G Mobile Phone with Camera Control, A18 Chip and a Big Boost in Battery Life. Works with AirPods; Black : Amazon.in: Electronics",66900,2025-11-30T06:32:50.185454
https://www.amazon.in/Apple-iPhone-15-128-GB/dp/B0CHX1W1XY,amazon,Apple iPhone 15 (128 GB) - Black : Amazon.in: Electronics,52990,2025-11-30T08:26:50.806787
https://www.amazon.in/iPhone-16-128-GB-Control/dp/B0DGJHBX5Y,amazon,"iPhone 16 128 GB: 5G Mobile Phone with Camera Control, A18 Chip and a Big Boost in Battery Life. Works with AirPods; Black : Amazon.in: Electronics",66900,2025-11-30T08:26:55.942164
https://www.amazon.in/Apple-iPhone-15-128-GB/dp/B0CHX1W1XY,amazon,Apple iPhone 15 (128 GB) - Black : Amazon.in: Electronics,52990,2025-11-30T10:22:11.946416
https://www.amazon.in/iPhone-16-128-GB-Control/dp/B0DGJHBX5Y,amazon,"iPhone 16 128 GB: 5G Mobile Phone with Camera Control, A18 Chip and a Big Boost in Battery Life. Works with AirPods; Black : Amazon.in: Electronics",66900,2025-11-30T10:22:16.922298
https://www.amazon.in/Apple-iPhone-15-128-GB/dp/B0CHX1W1XY,amazon,Apple iPhone 15 (128 GB) - Black : Amazon.in: Electronics,52990,2025-11-30T12:40:09.435053
https://www.amazon.in/iPhone-16-128-GB-Control/dp/B0DGJHBX5Y,amazon,"iPhone 16 128 GB: 5G Mobile Phone with Camera Control, A18 Chip and a Big Boost in Battery Life. Works with AirPods; Black : Amazon.in: Electronics",66900,2025-11-30T12:40:14.306101
https://www.amazon.in/Apple-iPhone-15-128-GB/dp/B0CHX1W1XY,amazon,Apple iPhone 15 (128 GB) - Black : Amazon.in: Electronics,52990,2025-11-30T14:20:25.001768
https://www.amazon.in/iPhone-16-128-GB-Control/dp/B0DGJHBX5Y,amazon,"iPhone 16 128 GB: 5G Mobile Phone with Camera Control, A18 Chip and a Big Boost in Battery Life. Works with AirPods; Black : Amazon.in: Electronics",66900,2025-11-30T14:20:29.998741
https://www.amazon.in/Apple-iPhone-15-128-GB/dp/B0CHX1W1XY,amazon,Apple iPhone 15 (128 GB) - Black : Amazon.in: Electronics,52990,2025-11-30T16:25:58.866808
https://www.amazon.in/iPhone-16-128-GB-Control/dp/B0DGJHBX5Y,amazon,"iPhone 16 128 GB: 5G Mobile Phone with Camera Control, A18 Chip and a Big Boost in Battery Life. Works with AirPods; Black : Amazon.in: Electronics",66900,2025-11-30T16:26:03.804637
https://www.amazon.in/Apple-iPhone-15-128-GB/dp/B0CHX1W1XY,amazon,Apple iPhone 15 (128 GB) - Black : Amazon.in: Electronics,52990,2025-11-30T18:30:20.767974
https://www.amazon.in/iPhone-16-128-GB-Control/dp/B0DGJHBX5Y,amazon,"iPhone 16 128 GB: 5G Mobile Phone with Camera Control, A18 Chip and a Big Boost in Battery Life. Works with AirPods; Black : Amazon.in: Electronics",66900,2025-11-30T18:30:25.806757
https://www.amazon.in/Apple-iPhone-15-128-GB/dp/B0CHX1W1XY,amazon,Apple iPhone 15 (128 GB) - Black : Amazon.in: Electronics,52990,2025-11-30T20:24:11.579564
https://www.amazon.in/iPhone-16-128-GB-Control/dp/B0DGJHBX5Y,amazon,"iPhone 16 128 GB: 5G Mobile Phone with Camera Control, A18 Chip and a Big Boost in Battery Life. Works with AirPods; Black : Amazon.in: Electronics",66900,2025-11-30T20:24:16.775057
https://www.amazon.in/Apple-iPhone-15-128-GB/dp/B0CHX1W1XY,amazon,Apple iPhone 15 (128 GB) - Black : Amazon.in: Electronics,52990,2025-11-30T22:21:36.966807
https://www.amazon.in/iPhone-16-128-GB-Control/dp/B0DGJHBX5Y,amazon,"iPhone 16 128 GB: 5G Mobile Phone with Camera Control, A18 Chip and a Big Boost in Battery Life. Works with AirPods; Black : Amazon.in: Electronics",66900,2025-11-30T22:21:42.155383
https://www.amazon.in/Apple-iPhone-15-128-GB/dp/B0CHX1W1XY,amazon,Apple iPhone 15 (128 GB) - Black : Amazon.in: Electronics,52990,2025-12-01T01:56:30.547221
https://www.amazon.in/iPhone-16-128-GB-Control/dp/B0DGJHBX5Y,amazon,"iPhone 16 128 GB: 5G Mobile Phone with Camera Control, A18 Chip and a Big Boost in Battery Life. Works with AirPods; Black : Amazon.in: Electronics",66900,2025-12-01T01:56:35.411577
https://www.amazon.in/Apple-iPhone-15-128-GB/dp/B0CHX1W1XY,amazon,Apple iPhone 15 (128 GB) - Black : Amazon.in: Electronics,52990,2025-12-01T03:54:17.360504
https://www.amazon.in/iPhone-16-128-GB-Control/dp/B0DGJHBX5Y,amazon,"iPhone 16 128 GB: 5G Mobile Phone with Camera Control, A18 Chip and a Big Boost in Battery Life. Works with AirPods; Black : Amazon.in: Electronics",1000,2025-12-01T03:54:22.850218
https://www.amazon.in/Apple-iPhone-15-128-GB/dp/B0CHX1W1XY,amazon,Apple iPhone 15 (128 GB) - Black : Amazon.in: Electronics,52990,2025-12-01T04:52:52.276808
https://www.amazon.in/iPhone-16-128-GB-Control/dp/B0DGJHBX5Y,amazon,"iPhone 16 128 GB: 5G Mobile Phone with Camera Control, A18 Chip and a Big Boost in Battery Life. Works with AirPods; Black : Amazon.in: Electronics",1000,2025-12-01T04:52:57.171989
https://www.amazon.in/Apple-iPhone-15-128-GB/dp/B0CHX1W1XY,amazon,Apple iPhone 15 (128 GB) - Black : Amazon.in: Electronics,52990,2025-12-01T06:36:32.887753
https://www.amazon.in/iPhone-16-128-GB-Control/dp/B0DGJHBX5Y,amazon,"iPhone 16 128 GB: 5G Mobile Phone with Camera Control, A18 Chip and a Big Boost in Battery Life. Works with AirPods; Black : Amazon.in: Electronics",66900,2025-12-01T06:36:38.056450
https://www.amazon.in/Apple-iPhone-15-128-GB/dp/B0CHX1W1XY,amazon,Apple iPhone 15 (128 GB) - Black : Amazon.in: Electronics,52990,2025-12-01T08:34:27.829652
https://www.amazon.in/iPhone-16-128-GB-Control/dp/B0DGJHBX5Y,amazon,"iPhone 16 128 GB: 5G Mobile Phone with Camera Control, A18 Chip and a Big Boost in Battery Life. Works with AirPods; Black : Amazon.in: Electronics",66900,2025-12-01T08:34:32.758295
https://www.amazon.in/Apple-iPhone-15-128-GB/dp/B0CHX1W1XY,amazon,Apple iPhone 15 (128 GB) - Black : Amazon.in: Electronics,52990,2025-12-01T10:27:19.864255
https://www.amazon.in/iPhone-16-128-GB-Control/dp/B0DGJHBX5Y,amazon,"iPhone 16 128 GB: 5G Mobile Phone with Camera Control, A18 Chip and a Big Boost in Battery Life. Works with AirPods; Black : Amazon.in: Electronics",66900,2025-12-01T10:27:24.854997
https://www.amazon.in/Apple-iPhone-15-128-GB/dp/B0CHX1W1XY,amazon,Apple iPhone 15 (128 GB) - Black : Amazon.in: Electronics,52990,2025-12-01T12:45:47.099861
https://www.amazon.in/iPhone-16-128-GB-Control/dp/B0DGJHBX5Y,amazon,"iPhone 16 128 GB: 5G Mobile Phone with Camera Control, A18 Chip and a Big Boost in Battery Life. Works with AirPods; Black : Amazon.in: Electronics",66900,2025-12-01T12:45:52.316261
https://www.amazon.in/Apple-iPhone-15-128-GB/dp/B0CHX1W1XY,amazon,Apple iPhone 15 (128 GB) - Black : Amazon.in: Electronics,52990,2025-12-01T14:24:31.749245
https://www.amazon.in/iPhone-16-128-GB-Control/dp/B0DGJHBX5Y,amazon,"iPhone 16 128 GB: 5G Mobile Phone with Camera Control, A18 Chip and a Big Boost in Battery Life. Works with AirPods; Black : Amazon.in: Electronics",66900,2025-12-01T14:24:36.985719
https://www.amazon.in/Apple-iPhone-15-128-GB/dp/B0CHX1W1XY,amazon,Apple iPhone 15 (128 GB) - Black : Amazon.in: Electronics,52990,2025-12-01T16:31:25.709027
https://www.amazon.in/iPhone-16-128-GB-Control/dp/B0DGJHBX5Y,amazon,"iPhone 16 128 GB: 5G Mobile Phone with Camera Control, A18 Chip and a Big Boost in Battery Life. Works with AirPods; Black : Amazon.in: Electronics",66900,2025-12-01T16:31:30.707031
https://www.amazon.in/Apple-iPhone-15-128-GB/dp/B0CHX1W1XY,amazon,Apple iPhone 15 (128 GB) - Black : Amazon.in: Electronics,52990,2025-12-01T18:36:41.450600
https://www.amazon.in/iPhone-16-128-GB-Control/dp/B0DGJHBX5Y,amazon,"iPhone 16 128 GB: 5G Mobile Phone with Camera Control, A18 Chip and a Big Boost in Battery Life. Works with AirPods; Black : Amazon.in: Electronics",66900,2025-12-01T18:36:46.707251
https://www.amazon.in/Apple-iPhone-15-128-GB/dp/B0CHX1W1XY,amazon,Apple iPhone 15 (128 GB) - Black : Amazon.in: Electronics,52990,2025-12-01T20:23:45.145904
https://www.amazon.in/iPhone-16-128-GB-Control/dp/B0DGJHBX5Y,amazon,"iPhone 16 128 GB: 5G Mobile Phone with Camera Control, A18 Chip and a Big Boost in Battery Life. Works with AirPods; Black : Amazon.in: Electronics",66900,2025-12-01T20:23:50.317822
